-- --------------------------------------------------------
-- Host:                         127.0.0.1
-- Szerver verzió:               10.4.18-MariaDB - mariadb.org binary distribution
-- Szerver OS:                   Win64
-- HeidiSQL Verzió:              11.2.0.6213
-- --------------------------------------------------------

/*!40101 SET @OLD_CHARACTER_SET_CLIENT=@@CHARACTER_SET_CLIENT */;
/*!40101 SET NAMES utf8 */;
/*!50503 SET NAMES utf8mb4 */;
/*!40014 SET @OLD_FOREIGN_KEY_CHECKS=@@FOREIGN_KEY_CHECKS, FOREIGN_KEY_CHECKS=0 */;
/*!40101 SET @OLD_SQL_MODE=@@SQL_MODE, SQL_MODE='NO_AUTO_VALUE_ON_ZERO' */;
/*!40111 SET @OLD_SQL_NOTES=@@SQL_NOTES, SQL_NOTES=0 */;

-- Struktúra mentése tábla receptek. felhasznalo
CREATE TABLE IF NOT EXISTS `felhasznalo` (
  `id` int(11) NOT NULL AUTO_INCREMENT,
  `felhasznalonev` varchar(250) NOT NULL,
  `email` varchar(250) NOT NULL,
  `jelszo` varchar(500) NOT NULL,
  `ervenyes_e` tinyint(4) NOT NULL COMMENT '0->nem, 1 -> igen',
  `created_at` date DEFAULT NULL,
  `deleted_at` date DEFAULT NULL,
  PRIMARY KEY (`id`)
) ENGINE=InnoDB AUTO_INCREMENT=2 DEFAULT CHARSET=utf8mb4;

-- Tábla adatainak mentése receptek.felhasznalo: ~0 rows (hozzávetőleg)
/*!40000 ALTER TABLE `felhasznalo` DISABLE KEYS */;
INSERT INTO `felhasznalo` (`id`, `felhasznalonev`, `email`, `jelszo`, `ervenyes_e`, `created_at`, `deleted_at`) VALUES
	(1, 'Morvai Nándor', 'mn@gmail.com', 'BA3253876AED6BC22D4A6FF53D8406C6AD864195ED144AB5C87621B6C233B548BAEAE6956DF346EC8C17F5EA10F35EE3CBC514797ED7DDD3145464E2A0BAB413', 1, '2020-04-16', NULL);
/*!40000 ALTER TABLE `felhasznalo` ENABLE KEYS */;

-- Struktúra mentése tábla receptek. feltoltott_receptek
CREATE TABLE IF NOT EXISTS `feltoltott_receptek` (
  `id` int(11) NOT NULL AUTO_INCREMENT,
  `f_kep` blob NOT NULL,
  `f_recept_neve` varchar(250) NOT NULL,
  `f_hozzavalok` varchar(600) NOT NULL DEFAULT '0',
  `f_elkeszites` longtext NOT NULL,
  `f_kategoria` int(11) NOT NULL DEFAULT 0,
  `felhasznalo_id` int(11) NOT NULL,
  `ervenyes_e` tinyint(4) NOT NULL DEFAULT 0 COMMENT '0=nem; 1=igen',
  `created_at` date DEFAULT NULL,
  `deleted_at` date DEFAULT NULL,
  PRIMARY KEY (`id`),
  KEY `FK_feltoltott_receptek_kategoria` (`f_kategoria`),
  KEY `FK_feltoltott_receptek_felhasznalo` (`felhasznalo_id`) USING BTREE,
  CONSTRAINT `FK_feltoltott_receptek_felhasznalo` FOREIGN KEY (`felhasznalo_id`) REFERENCES `felhasznalo` (`id`),
  CONSTRAINT `FK_feltoltott_receptek_kategoria` FOREIGN KEY (`f_kategoria`) REFERENCES `kategoria` (`id`)
) ENGINE=InnoDB AUTO_INCREMENT=3 DEFAULT CHARSET=utf8mb4;

-- Tábla adatainak mentése receptek.feltoltott_receptek: ~2 rows (hozzávetőleg)
/*!40000 ALTER TABLE `feltoltott_receptek` DISABLE KEYS */;
INSERT INTO `feltoltott_receptek` (`id`, `f_kep`, `f_recept_neve`, `f_hozzavalok`, `f_elkeszites`, `f_kategoria`, `felhasznalo_id`, `ervenyes_e`, `created_at`, `deleted_at`) VALUES
	(1, _binary 0x662E6B6570312E6A7067, 'Házi haburger', 'lorem ipsum', 'Lorem ipsum dolor sit amet, consectetur adipiscing elit, sed do eiusmod tempor incididunt ut labore et dolore magna aliqua. Ut enim ad minim veniam, quis nostrud exercitation ullamco laboris nisi ut aliquip ex ea commodo consequat. Duis aute irure dolor in reprehenderit in voluptate velit esse cillum dolore eu fugiat nulla pariatur. Excepteur sint occaecat cupidatat non proident, sunt in culpa qui officia deserunt mollit anim id est laborum.', 2, 1, 1, '2018-04-23', NULL),
	(2, _binary 0x662E6B65702E322E6A7067, 'Tanyasi burger', 'lorem ipsum', 'Lorem ipsum dolor sit amet, consectetur adipiscing elit, sed do eiusmod tempor incididunt ut labore et dolore magna aliqua. Ut enim ad minim veniam, quis nostrud exercitation ullamco laboris nisi ut aliquip ex ea commodo consequat. Duis aute irure dolor in reprehenderit in voluptate velit esse cillum dolore eu fugiat nulla pariatur. Excepteur sint occaecat cupidatat non proident, sunt in culpa qui officia deserunt mollit anim id est laborum.', 1, 1, 1, '2021-04-18', NULL);
/*!40000 ALTER TABLE `feltoltott_receptek` ENABLE KEYS */;

-- Struktúra mentése tábla receptek. kategoria
CREATE TABLE IF NOT EXISTS `kategoria` (
  `id` int(11) NOT NULL AUTO_INCREMENT,
  `hamburger_tipus` varchar(200) NOT NULL,
  PRIMARY KEY (`id`),
  CONSTRAINT `FK_tipus_recept` FOREIGN KEY (`id`) REFERENCES `recept` (`id`)
) ENGINE=InnoDB AUTO_INCREMENT=4 DEFAULT CHARSET=utf8mb4;

-- Tábla adatainak mentése receptek.kategoria: ~3 rows (hozzávetőleg)
/*!40000 ALTER TABLE `kategoria` DISABLE KEYS */;
INSERT INTO `kategoria` (`id`, `hamburger_tipus`) VALUES
	(1, 'Ranchero burger'),
	(2, 'Diablo burger'),
	(3, 'Colorado burger');
/*!40000 ALTER TABLE `kategoria` ENABLE KEYS */;

-- Struktúra mentése tábla receptek. kepek
CREATE TABLE IF NOT EXISTS `kepek` (
  `id` int(11) NOT NULL AUTO_INCREMENT,
  `kep_neve` varchar(250) NOT NULL,
  PRIMARY KEY (`id`)
) ENGINE=InnoDB AUTO_INCREMENT=11 DEFAULT CHARSET=utf8mb4;

-- Tábla adatainak mentése receptek.kepek: ~9 rows (hozzávetőleg)
/*!40000 ALTER TABLE `kepek` DISABLE KEYS */;
INSERT INTO `kepek` (`id`, `kep_neve`) VALUES
	(1, '1'),
	(2, '2'),
	(3, '3'),
	(4, '4'),
	(5, '5'),
	(6, '6'),
	(7, '7'),
	(8, '8'),
	(9, '9');
/*!40000 ALTER TABLE `kepek` ENABLE KEYS */;

-- Struktúra mentése tábla receptek. recept
CREATE TABLE IF NOT EXISTS `recept` (
  `id` int(11) NOT NULL AUTO_INCREMENT,
  `nev` varchar(250) NOT NULL,
  `hozzavalo1` varchar(550) DEFAULT NULL,
  `hozzavalo2` varchar(550) DEFAULT NULL,
  `hozzavalo3` varchar(550) DEFAULT NULL,
  `hozzavalo4` varchar(550) DEFAULT NULL,
  `hozzavalo5` varchar(550) DEFAULT NULL,
  `hozzavalo6` varchar(550) DEFAULT NULL,
  `hozzavalo7` varchar(550) DEFAULT NULL,
  `rovid_leiras` longtext NOT NULL,
  `elkeszites` longtext NOT NULL,
  `megjelenhet_e` tinyint(4) DEFAULT NULL COMMENT '0=nem, 1=igen',
  `tipus` int(11) NOT NULL,
  `hamburger_kep` int(11) DEFAULT NULL,
  PRIMARY KEY (`id`),
  KEY `FK_recept_tipus` (`tipus`),
  KEY `FK_recept_kepek` (`hamburger_kep`),
  CONSTRAINT `FK_recept_kepek` FOREIGN KEY (`hamburger_kep`) REFERENCES `kepek` (`id`),
  CONSTRAINT `FK_recept_tipus` FOREIGN KEY (`tipus`) REFERENCES `kategoria` (`id`)
) ENGINE=InnoDB AUTO_INCREMENT=24 DEFAULT CHARSET=utf8mb4;

-- Tábla adatainak mentése receptek.recept: ~10 rows (hozzávetőleg)
/*!40000 ALTER TABLE `recept` DISABLE KEYS */;
INSERT INTO `recept` (`id`, `nev`, `hozzavalo1`, `hozzavalo2`, `hozzavalo3`, `hozzavalo4`, `hozzavalo5`, `hozzavalo6`, `hozzavalo7`, `rovid_leiras`, `elkeszites`, `megjelenhet_e`, `tipus`, `hamburger_kep`) VALUES
	(1, 'Lángoló', 'Lorem ipsum', 'Lorem ipsum', 'Lorem ipsum', 'Lorem ipsum', 'Lorem ipsum', '', '', 'Sint omittam suscipit et vix, at enim insolens sit, veritus epicurei inimicus sed ne. Eam ea malis apeirian interpretaris, ad denique explicari quo. Ne periculis interpretaris vis, viris probatus cu eos, et vim animal', 'Lorem ipsum dolor sit amet, ea doming dolorum repudiare quo, mei tation sadipscing te. Homero phaedrum an qui, clita consul possim ut pri. Suas epicuri has ad, at everti incorrupte sed. At usu dico magna, tation partiendo no duo. Ea vim quem gubergren adipiscing. Ne nam dicam dolorem, sit deleniti volutpat in, et ius etiam imperdiet.\r\nLorem ipsum dolor sit amet, ea doming dolorum repudiare quo, mei tation sadipscing te. Homero phaedrum an qui, clita consul possim ut pri. Suas epicuri has ad, at everti incorrupte sed. At usu dico magna, tation partiendo no duo. Ea vim quem gubergren adipiscing. Ne nam dicam dolorem, sit deleniti volutpat in, et ius etiam imperdiet.\r\n\r\nLorem ipsum dolor sit amet, ea doming dolorum repudiare quo, mei tation sadipscing te. Homero phaedrum an qui, clita consul possim ut pri. Suas epicuri has ad, at everti incorrupte sed. At usu dico magna, tation partiendo no duo. Ea vim quem gubergren adipiscing. Ne nam dicam dolorem, sit deleniti volutpat in, et ius etiam imperdiet.\r\n \r\nEst ad ullum graece. Te sit aeque melius equidem, wisi delicatissimi sea ea. Nulla dolores instructior an sit, mollis labitur impedit an ius. Ut ancillae copiosae vis, quaeque molestie constituam sed at, vim meliore quaerendum ex. Autem tation euismod ea his, ei dicunt nostrum mea.\r\n \r\nPutent labores intellegebat sea ne, nam te diceret delectus definitiones. Hinc audire insolens usu ea. Hinc comprehensam ut sit, dicat homero consulatu cum no. Dicat audire scripta te pri, at pro novum audire facilisi. Duo ea dolorem ceteros senserit. Vix an atqui ridens suscipiantur, per an elitr partiendo, diam ullum fastidii eum te.\r\n \r\nMel ullum patrioque eu. Quas platonem vim ad, usu malis commune dignissim eu. Vim aperiam partiendo an, esse nibh consectetuer sea et. Mea fastidii voluptua ea. Ut etiam prodesset suscipiantur duo, ea nec nonumy conceptam voluptatibus. No vel labore option molestiae, eum rebum tritani appetere in.', 1, 1, 1),
	(2, 'Csibe', 'Lorem ipsum', 'Lorem ipsum', 'Lorem ipsum', '', '', '', '', 'Sint omittam suscipit et vix, at enim insolens sit, veritus epicurei inimicus sed ne. Eam ea malis apeirian interpretaris, ad denique explicari quo. Ne periculis interpretaris vis, viris probatus cu eos, et vim animal', 'Lorem ipsum dolor sit amet, ea doming dolorum repudiare quo, mei tation sadipscing te. Homero phaedrum an qui, clita consul possim ut pri. Suas epicuri has ad, at everti incorrupte sed. At usu dico magna, tation partiendo no duo. Ea vim quem gubergren adipiscing. Ne nam dicam dolorem, sit deleniti volutpat in, et ius etiam imperdiet.\r\nLorem ipsum dolor sit amet, ea doming dolorum repudiare quo, mei tation sadipscing te. Homero phaedrum an qui, clita consul possim ut pri. Suas epicuri has ad, at everti incorrupte sed. At usu dico magna, tation partiendo no duo. Ea vim quem gubergren adipiscing. Ne nam dicam dolorem, sit deleniti volutpat in, et ius etiam imperdiet.\r\n\r\nLorem ipsum dolor sit amet, ea doming dolorum repudiare quo, mei tation sadipscing te. Homero phaedrum an qui, clita consul possim ut pri. Suas epicuri has ad, at everti incorrupte sed. At usu dico magna, tation partiendo no duo. Ea vim quem gubergren adipiscing. Ne nam dicam dolorem, sit deleniti volutpat in, et ius etiam imperdiet.\r\n \r\nEst ad ullum graece. Te sit aeque melius equidem, wisi delicatissimi sea ea. Nulla dolores instructior an sit, mollis labitur impedit an ius. Ut ancillae copiosae vis, quaeque molestie constituam sed at, vim meliore quaerendum ex. Autem tation euismod ea his, ei dicunt nostrum mea.\r\n \r\nPutent labores intellegebat sea ne, nam te diceret delectus definitiones. Hinc audire insolens usu ea. Hinc comprehensam ut sit, dicat homero consulatu cum no. Dicat audire scripta te pri, at pro novum audire facilisi. Duo ea dolorem ceteros senserit. Vix an atqui ridens suscipiantur, per an elitr partiendo, diam ullum fastidii eum te.\r\n \r\nMel ullum patrioque eu. Quas platonem vim ad, usu malis commune dignissim eu. Vim aperiam partiendo an, esse nibh consectetuer sea et. Mea fastidii voluptua ea. Ut etiam prodesset suscipiantur duo, ea nec nonumy conceptam voluptatibus. No vel labore option molestiae, eum rebum tritani appetere in.', 1, 1, 2),
	(3, 'Préri', 'Lorem ipsum', 'Lorem ipsum', 'Lorem ipsum', 'Lorem ipsum', 'Lorem ipsum', 'Lorem ipsum', '', 'Sint omittam suscipit et vix, at enim insolens sit, veritus epicurei inimicus sed ne. Eam ea malis apeirian interpretaris, ad denique explicari quo. Ne periculis interpretaris vis, viris probatus cu eos, et vim animal', 'Lorem ipsum dolor sit amet, ea doming dolorum repudiare quo, mei tation sadipscing te. Homero phaedrum an qui, clita consul possim ut pri. Suas epicuri has ad, at everti incorrupte sed. At usu dico magna, tation partiendo no duo. Ea vim quem gubergren adipiscing. Ne namLorem ipsum dolor sit amet, ea doming dolorum repudiare quo, mei tation sadipscing te. Homero phaedrum an qui, clita consul possim ut pri. Suas epicuri has ad, at everti incorrupte sed. At usu dico magna, tation partiendo no duo. Ea vim quem gubergren adipiscing. Ne nam dicam dolorem, sit deleniti volutpat in, et ius etiam imperdiet.\r\n\r\nLorem ipsum dolor sit amet, ea doming dolorum repudiare quo, mei tation sadipscing te. Homero phaedrum an qui, clita consul possim ut pri. Suas epicuri has ad, at everti incorrupte sed. At usu dico magna, tation partiendo no duo. Ea vim quem gubergren adipiscing. Ne nam dicam dolorem, sit deleniti volutpat in, et ius etiam imperdiet.\r\n \r\nEst ad ullum graece. Te sit aeque melius equidem, wisi delicatissimi sea ea. Nulla dolores instructior an sit, mollis labitur impedit an ius. Ut ancillae copiosae vis, quaeque molestie constituam sed at, vim meliore quaerendum ex. Autem tation euismod ea his, ei dicunt nostrum mea.\r\n \r\nPutent labores intellegebat sea ne, nam te diceret delectus definitiones. Hinc audire insolens usu ea. Hinc comprehensam ut sit, dicat homero consulatu cum no. Dicat audire scripta te pri, at pro novum audire facilisi. Duo ea dolorem ceteros senserit. Vix an atqui ridens suscipiantur, per an elitr partiendo, diam ullum fastidii eum te.\r\n \r\nMel ullum patrioque eu. Quas platonem vim ad, usu malis commune dignissim eu. Vim aperiam partiendo an, esse nibh consectetuer sea et. Mea fastidii voluptua ea. Ut etiam prodesset suscipiantur duo, ea nec nonumy conceptam voluptatibus. No vel labore option molestiae, eum rebum tritani appetere in. dicam dolorem, sit deleniti volutpat in, et ius etiam imperdiet.', 1, 1, 3),
	(4, 'Ranger', 'Lorem ipsum', 'Lorem ipsum', 'Lorem ipsum', 'Lorem ipsum', 'Lorem ipsum', '', '', 'Sint omittam suscipit et vix, at enim insolens sit, veritus epicurei inimicus sed ne. Eam ea malis apeirian interpretaris, ad denique explicari quo. Ne periculis interpretaris vis, viris probatus cu eos, et vim animal', 'Lorem ipsum dolor sit amet, ea doming dolorum repudiare quo, mei tation sadipscing te. Homero phaedrum an qui, clita consul possim ut pri. Suas epicuri has ad, at everti incorrupte sed. At usu dico magna, tation partiendo no duo. Ea vim quem gubergren adipiscing. Ne nam dicam doloreLorem ipsum dolor sit amet, ea doming dolorum repudiare quo, mei tation sadipscing te. Homero phaedrum an qui, clita consul possim ut pri. Suas epicuri has ad, at everti incorrupte sed. At usu dico magna, tation partiendo no duo. Ea vim quem gubergren adipiscing. Ne nam dicam dolorem, sit deleniti volutpat in, et ius etiam imperdiet.\r\n\r\nLorem ipsum dolor sit amet, ea doming dolorum repudiare quo, mei tation sadipscing te. Homero phaedrum an qui, clita consul possim ut pri. Suas epicuri has ad, at everti incorrupte sed. At usu dico magna, tation partiendo no duo. Ea vim quem gubergren adipiscing. Ne nam dicam dolorem, sit deleniti volutpat in, et ius etiam imperdiet.\r\n \r\nEst ad ullum graece. Te sit aeque melius equidem, wisi delicatissimi sea ea. Nulla dolores instructior an sit, mollis labitur impedit an ius. Ut ancillae copiosae vis, quaeque molestie constituam sed at, vim meliore quaerendum ex. Autem tation euismod ea his, ei dicunt nostrum mea.\r\n \r\nPutent labores intellegebat sea ne, nam te diceret delectus definitiones. Hinc audire insolens usu ea. Hinc comprehensam ut sit, dicat homero consulatu cum no. Dicat audire scripta te pri, at pro novum audire facilisi. Duo ea dolorem ceteros senserit. Vix an atqui ridens suscipiantur, per an elitr partiendo, diam ullum fastidii eum te.\r\n \r\nMel ullum patrioque eu. Quas platonem vim ad, usu malis commune dignissim eu. Vim aperiam partiendo an, esse nibh consectetuer sea et. Mea fastidii voluptua ea. Ut etiam prodesset suscipiantur duo, ea nec nonumy conceptam voluptatibus. No vel labore option molestiae, eum rebum tritani appetere in.m, sit deleniti volutpat in, et ius etiam imperdiet.', 1, 2, 4),
	(5, 'Herkentyű', 'Lorem ipsum', 'Lorem ipsum', 'Lorem ipsum', 'Lorem ipsum', 'Lorem ipsum', 'Lorem ipsum', 'Lorem ipsum', 'Sint omittam suscipit et vix, at enim insolens sit, veritus epicurei inimicus sed ne. Eam ea malis apeirian interpretaris, ad denique explicari quo. Ne periculis interpretaris vis, viris probatus cu eos, et vim animal', 'Lorem ipsum dolor sit amet, ea doming dolorum repudiare quo, mei tation sadipscing te. Homero phaedrum an qui, clita consul possim ut pri. Suas epicuri has ad, at everti incorrupte sed. At usu dico magna, tation partiendo no duo. Ea vim quem gubergren adipiscing. Ne nam dicam dolorem, sit deleniti volutLorem ipsum dolor sit amet, ea doming dolorum repudiare quo, mei tation sadipscing te. Homero phaedrum an qui, clita consul possim ut pri. Suas epicuri has ad, at everti incorrupte sed. At usu dico magna, tation partiendo no duo. Ea vim quem gubergren adipiscing. Ne nam dicam dolorem, sit deleniti volutpat in, et ius etiam imperdiet.\r\n\r\nLorem ipsum dolor sit amet, ea doming dolorum repudiare quo, mei tation sadipscing te. Homero phaedrum an qui, clita consul possim ut pri. Suas epicuri has ad, at everti incorrupte sed. At usu dico magna, tation partiendo no duo. Ea vim quem gubergren adipiscing. Ne nam dicam dolorem, sit deleniti volutpat in, et ius etiam imperdiet.\r\n \r\nEst ad ullum graece. Te sit aeque melius equidem, wisi delicatissimi sea ea. Nulla dolores instructior an sit, mollis labitur impedit an ius. Ut ancillae copiosae vis, quaeque molestie constituam sed at, vim meliore quaerendum ex. Autem tation euismod ea his, ei dicunt nostrum mea.\r\n \r\nPutent labores intellegebat sea ne, nam te diceret delectus definitiones. Hinc audire insolens usu ea. Hinc comprehensam ut sit, dicat homero consulatu cum no. Dicat audire scripta te pri, at pro novum audire facilisi. Duo ea dolorem ceteros senserit. Vix an atqui ridens suscipiantur, per an elitr partiendo, diam ullum fastidii eum te.\r\n \r\nMel ullum patrioque eu. Quas platonem vim ad, usu malis commune dignissim eu. Vim aperiam partiendo an, esse nibh consectetuer sea et. Mea fastidii voluptua ea. Ut etiam prodesset suscipiantur duo, ea nec nonumy conceptam voluptatibus. No vel labore option molestiae, eum rebum tritani appetere in.pat in, et ius etiam imperdiet.', 1, 2, 5),
	(6, 'Hipster', 'Lorem ipsum', 'Lorem ipsum', 'Lorem ipsum', 'Lorem ipsum', 'Lorem ipsum', '', '', 'Sint omittam suscipit et vix, at enim insolens sit, veritus epicurei inimicus sed ne. Eam ea malis apeirian interpretaris, ad denique explicari quo. Ne periculis interpretaris vis, viris probatus cu eos, et vim animal', 'Lorem ipsum dolor sit amet, ea doming dolorum repudiare quo, mei tation sadipscing te. Homero phaedrum an qui, clita consul possim ut pri. Suas epicuri has ad, at everti incorrupte sed. At usu dico magna, tation partiendo no duo. Ea vim quem gubergren adipiscing. Ne nam dicam dolorem, sit deleniti vLorem ipsum dolor sit amet, ea doming dolorum repudiare quo, mei tation sadipscing te. Homero phaedrum an qui, clita consul possim ut pri. Suas epicuri has ad, at everti incorrupte sed. At usu dico magna, tation partiendo no duo. Ea vim quem gubergren adipiscing. Ne nam dicam dolorem, sit deleniti volutpat in, et ius etiam imperdiet.\r\n\r\nLorem ipsum dolor sit amet, ea doming dolorum repudiare quo, mei tation sadipscing te. Homero phaedrum an qui, clita consul possim ut pri. Suas epicuri has ad, at everti incorrupte sed. At usu dico magna, tation partiendo no duo. Ea vim quem gubergren adipiscing. Ne nam dicam dolorem, sit deleniti volutpat in, et ius etiam imperdiet.\r\n \r\nEst ad ullum graece. Te sit aeque melius equidem, wisi delicatissimi sea ea. Nulla dolores instructior an sit, mollis labitur impedit an ius. Ut ancillae copiosae vis, quaeque molestie constituam sed at, vim meliore quaerendum ex. Autem tation euismod ea his, ei dicunt nostrum mea.\r\n \r\nPutent labores intellegebat sea ne, nam te diceret delectus definitiones. Hinc audire insolens usu ea. Hinc comprehensam ut sit, dicat homero consulatu cum no. Dicat audire scripta te pri, at pro novum audire facilisi. Duo ea dolorem ceteros senserit. Vix an atqui ridens suscipiantur, per an elitr partiendo, diam ullum fastidii eum te.\r\n \r\nMel ullum patrioque eu. Quas platonem vim ad, usu malis commune dignissim eu. Vim aperiam partiendo an, esse nibh consectetuer sea et. Mea fastidii voluptua ea. Ut etiam prodesset suscipiantur duo, ea nec nonumy conceptam voluptatibus. No vel labore option molestiae, eum rebum tritani appetere in.olutpat in, et ius etiam imperdiet.', 1, 2, 6),
	(7, 'Rebel', 'Lorem ipsum', 'Lorem ipsum', 'Lorem ipsum', 'Lorem ipsum', 'Lorem ipsum', 'Lorem ipsum', 'Lorem ipsum', 'Sint omittam suscipit et vix, at enim insolens sit, veritus epicurei inimicus sed ne. Eam ea malis apeirian interpretaris, ad denique explicari quo. Ne periculis interpretaris vis, viris probatus cu eos, et vim animal', 'Lorem ipsum dolor sit amet, ea doming dolorum repudiare quo, mei tation sadipscing te. Homero phaedrum an qui, clita consul possim ut pri. Suas epicuri has ad, at everti incorrupte sed. At usu dico magna, tation partiendo no duo. Ea vim quem gubergren adipiscing. Ne nam dicam dolorem, sit deleniti vLorem ipsum dolor sit amet, ea doming dolorum repudiare quo, mei tation sadipscing te. Homero phaedrum an qui, clita consul possim ut pri. Suas epicuri has ad, at everti incorrupte sed. At usu dico magna, tation partiendo no duo. Ea vim quem gubergren adipiscing. Ne nam dicam dolorem, sit deleniti volutpat in, et ius etiam imperdiet.\r\n\r\nLorem ipsum dolor sit amet, ea doming dolorum repudiare quo, mei tation sadipscing te. Homero phaedrum an qui, clita consul possim ut pri. Suas epicuri has ad, at everti incorrupte sed. At usu dico magna, tation partiendo no duo. Ea vim quem gubergren adipiscing. Ne nam dicam dolorem, sit deleniti volutpat in, et ius etiam imperdiet.\r\n \r\nEst ad ullum graece. Te sit aeque melius equidem, wisi delicatissimi sea ea. Nulla dolores instructior an sit, mollis labitur impedit an ius. Ut ancillae copiosae vis, quaeque molestie constituam sed at, vim meliore quaerendum ex. Autem tation euismod ea his, ei dicunt nostrum mea.\r\n \r\nPutent labores intellegebat sea ne, nam te diceret delectus definitiones. Hinc audire insolens usu ea. Hinc comprehensam ut sit, dicat homero consulatu cum no. Dicat audire scripta te pri, at pro novum audire facilisi. Duo ea dolorem ceteros senserit. Vix an atqui ridens suscipiantur, per an elitr partiendo, diam ullum fastidii eum te.\r\n \r\nMel ullum patrioque eu. Quas platonem vim ad, usu malis commune dignissim eu. Vim aperiam partiendo an, esse nibh consectetuer sea et. Mea fastidii voluptua ea. Ut etiam prodesset suscipiantur duo, ea nec nonumy conceptam voluptatibus. No vel labore option molestiae, eum rebum tritani appetere in.olutpat in, et ius etiam imperdiet.', 1, 3, 7),
	(8, 'El Diablo', 'Lorem ipsum', 'Lorem ipsum', 'Lorem ipsum', 'Lorem ipsum', '', '', '', 'Sint omittam suscipit et vix, at enim insolens sit, veritus epicurei inimicus sed ne. Eam ea malis apeirian interpretaris, ad denique explicari quo. Ne periculis interpretaris vis, viris probatus cu eos, et vim animal', 'Lorem ipsum dolor sit amet, ea doming dolorum repudiare quo, mei tation sadipscing te. Homero phaedrum an qui, clita consul possim ut pri. Suas epicuri has ad, at everti incorrupte sed. At usu dico magna, tation partiendo no duo. Ea vim quem gubergren adipiscing. Ne nam dicam dolorem, sit deleniti volutpat in, et ius etiamLorem ipsum dolor sit amet, ea doming dolorum repudiare quo, mei tation sadipscing te. Homero phaedrum an qui, clita consul possim ut pri. Suas epicuri has ad, at everti incorrupte sed. At usu dico magna, tation partiendo no duo. Ea vim quem gubergren adipiscing. Ne nam dicam dolorem, sit deleniti volutpat in, et ius etiam imperdiet.\r\n\r\nLorem ipsum dolor sit amet, ea doming dolorum repudiare quo, mei tation sadipscing te. Homero phaedrum an qui, clita consul possim ut pri. Suas epicuri has ad, at everti incorrupte sed. At usu dico magna, tation partiendo no duo. Ea vim quem gubergren adipiscing. Ne nam dicam dolorem, sit deleniti volutpat in, et ius etiam imperdiet.\r\n \r\nEst ad ullum graece. Te sit aeque melius equidem, wisi delicatissimi sea ea. Nulla dolores instructior an sit, mollis labitur impedit an ius. Ut ancillae copiosae vis, quaeque molestie constituam sed at, vim meliore quaerendum ex. Autem tation euismod ea his, ei dicunt nostrum mea.\r\n \r\nPutent labores intellegebat sea ne, nam te diceret delectus definitiones. Hinc audire insolens usu ea. Hinc comprehensam ut sit, dicat homero consulatu cum no. Dicat audire scripta te pri, at pro novum audire facilisi. Duo ea dolorem ceteros senserit. Vix an atqui ridens suscipiantur, per an elitr partiendo, diam ullum fastidii eum te.\r\n \r\nMel ullum patrioque eu. Quas platonem vim ad, usu malis commune dignissim eu. Vim aperiam partiendo an, esse nibh consectetuer sea et. Mea fastidii voluptua ea. Ut etiam prodesset suscipiantur duo, ea nec nonumy conceptam voluptatibus. No vel labore option molestiae, eum rebum tritani appetere in. imperdiet.', 1, 3, 8),
	(9, 'Bronco', 'Lorem ipsum', 'Lorem ipsum', 'Lorem ipsum', 'Lorem ipsum', 'Lorem ipsum', 'Lorem ipsum', 'Lorem ipsum', 'Sint omittam suscipit et vix, at enim insolens sit, veritus epicurei inimicus sed ne. Eam ea malis apeirian interpretaris, ad denique explicari quo. Ne periculis interpretaris vis, viris probatus cu eos, et vim animal', 'Lorem ipsum dolor sit amet, ea doming dolorum repudiare quo, mei tation sadipscing te. Homero phaedrum an qui, clita consul possim ut pri. Suas epicuri has ad, at everti incorrupte sed. At usu dico magna, tation partiendo no duo. Ea vim quem gubergren adipiscing. Ne nam dicam dolorem, sit deleniti volutpat in, et ius eLorem ipsum dolor sit amet, ea doming dolorum repudiare quo, mei tation sadipscing te. Homero phaedrum an qui, clita consul possim ut pri. Suas epicuri has ad, at everti incorrupte sed. At usu dico magna, tation partiendo no duo. Ea vim quem gubergren adipiscing. Ne nam dicam dolorem, sit deleniti volutpat in, et ius etiam imperdiet.\r\n\r\nLorem ipsum dolor sit amet, ea doming dolorum repudiare quo, mei tation sadipscing te. Homero phaedrum an qui, clita consul possim ut pri. Suas epicuri has ad, at everti incorrupte sed. At usu dico magna, tation partiendo no duo. Ea vim quem gubergren adipiscing. Ne nam dicam dolorem, sit deleniti volutpat in, et ius etiam imperdiet.\r\n \r\nEst ad ullum graece. Te sit aeque melius equidem, wisi delicatissimi sea ea. Nulla dolores instructior an sit, mollis labitur impedit an ius. Ut ancillae copiosae vis, quaeque molestie constituam sed at, vim meliore quaerendum ex. Autem tation euismod ea his, ei dicunt nostrum mea.\r\n \r\nPutent labores intellegebat sea ne, nam te diceret delectus definitiones. Hinc audire insolens usu ea. Hinc comprehensam ut sit, dicat homero consulatu cum no. Dicat audire scripta te pri, at pro novum audire facilisi. Duo ea dolorem ceteros senserit. Vix an atqui ridens suscipiantur, per an elitr partiendo, diam ullum fastidii eum te.\r\n \r\nMel ullum patrioque eu. Quas platonem vim ad, usu malis commune dignissim eu. Vim aperiam partiendo an, esse nibh consectetuer sea et. Mea fastidii voluptua ea. Ut etiam prodesset suscipiantur duo, ea nec nonumy conceptam voluptatibus. No vel labore option molestiae, eum rebum tritani appetere in.tiam imperdiet.', 1, 3, 9);
/*!40000 ALTER TABLE `recept` ENABLE KEYS */;

/*!40101 SET SQL_MODE=IFNULL(@OLD_SQL_MODE, '') */;
/*!40014 SET FOREIGN_KEY_CHECKS=IFNULL(@OLD_FOREIGN_KEY_CHECKS, 1) */;
/*!40101 SET CHARACTER_SET_CLIENT=@OLD_CHARACTER_SET_CLIENT */;
/*!40111 SET SQL_NOTES=IFNULL(@OLD_SQL_NOTES, 1) */;
